,jobtitle,jobdescription,experience
0,Industrial Engineer,"I N D U S T R I A L 
	E N G I N E E R 
	in Fremont, CA (Lam241-IE-CA) - Resp for optmz'g cmplx bus. processes by ID'g & driv'g implmt'n of appropriate Lean Six Sigma methodologies. Req MS+5. Mail resume: Lam Research Corp, 4650 Cushing Pkwy, Fremont, CA 94538 Attn: HR/LV /Lam241-IE-CA.",No experience
1,Industrial Engineer,"Industrial Engineer  Established 30 year Company API Tank and  Code Vessel Shop is seeking an engineer to  streamline and speed up production.  Candidate needs knowledge of building oilfield  tanks and ASME code vessels.  Individual will  plan and schedule shop time and maintain  assurance that bid times match production  process times, supervise all aspects of manufacturing start to finish, read prints, approve  and schedule work time going through the  shop, maintain the highest quality of products, find bottlenecks and implement a solid  process, establish lean manufacturing and  solid safety policies in a clean environment.   401K, Health Insurance.  Need an exceptional, creative thinking individual who stands  out in his field. Lazy, soft-handed need not  apply.  Send resume to  employment@petrosmith.com or apply in person. Petrosmith Equipment 7435 US Hwy 277 South Abilene, TX  79606",No experience
2,Industrial Engineer Established,"Industrial Engineer  Established 30 year Company API Tank and Code Vessel Shop is seeking an engineer to streamline and speed up production. Candidate needs knowledge of building oilfield tanks and ASME code vessels. Individual will plan and schedule shop time and maintain assurance that bid times match production process times, supervise all aspects of manufacturing start to finish, read prints, approve and schedule work time going through the shop, maintain the highest quality of products, find bottlenecks and implement a solid process, establish lean manufacturing and solid safety policies in a clean environment. 401K, Health Insurance. Need an exceptional, creative thinking individual who stands out in his field. Lazy, soft-handed need not apply. Send resume to employment@petrosmith.com or apply in person. Petrosmith Equipment 7435 US Hwy 277 South Abilene, TX 79606",No experience
3,Has immediate opening for an Industrial Engineer,"KDH Defense Systems Inc.  Has immediate opening for an Industrial Engineer Responsible for increasing productivity through the  management of people, equipment, and technology.   Solve production and related problems by studying the  product requirements, use analytical methods to meet  those requirements, and develop manufacturing processes and systems solutions.  Major Responsibilities: 1. Apply engineering methods to determine production  standards, staffing, costing, and equipment requirements. Develop optimum processes to achieve optimum results. 2. Design layout of equipment, materials, and  workspace to maximize efficiency. 3. Work with Quality Control, and manufacturing to resolve production problems, improve quality, and minimize cost. 4. Communicate with management to develop production and design standards. 5. Other duties as requested by management.  Qualifications: 1. Minimum of bachelor degree in Textile / Industrial Engineering 2. Experience in product cost estimating preferred 3. Strong interpersonal skills 4. Complete knowledge of computers and office programs 5. Strong communication skills, both oral, and written  We are looking for an experienced career oriented  individual who has the drive to succeed. If  this is you please e-mail your resume and  cover letter to:   EOE <p><img src=""""></p>",No experience
4,INDUSTRIAL ENGINEERS,"Industrial Engineers sought by BMGI North America Corp., Denver, CO. Deg'd, exp'd w/Lean Six Sigma Master Black Belt &/or Lean Master Certified. Rqrs. 100% US travel to meet w/clients - May telecommute. Send resume to  <p><img src=""""></p>",No experience
5,PTD Industrial Engineer,"<div>
<div>
<div><span>Job ID:</span> 793259</div>
<div><span>Job Category:</span> Engineering</div>
<div><span>Primary Location:</span> Hillsboro, OR US</div>
</div>
<div>
<div><span>Other Locations:</span></div>
<div><span>Job Type:</span> College Graduate</div>
</div>
</div>
<h3>PTD Industrial Engineer</h3>
<strong>Job Description</strong><br>
<div>Portland Technology Development Industrial Engineers are
responsible developing industrial engineering methods for each
technology in the areas of fab layout and capacity, implementing
them locally, and then transferring them to the other sites (VF)
around Intel. TD industrial engineers work with their process
engineering counterparts and the equipment suppliers to create and
validate capacity models for every equipment type. They use those
models to in conjunction with the technologys semiconductor process
flow to build a capacity Model of Record that is used to predict
equipment quantities and timings to meet the technology ramps
across the company. TD industrial engineers also work with process
engineers and equipment suppliers to spatially optimize the
configuration of first-of-a-kind equipment and use that information
to create layout blocks and layout methodologies that are used at
the TD site and across the VF. After developing the layout and
capacity methods for the technology, TD industrial engineers
transfer those methods to the other Intel sites by training the VF
site industrial engineers and approving their sites layout.
Locally, TD industrial engineers work with the construction team to
ensure accurate implementation of the layout and with the
operations teams on variety of fab efficiency improvement
projects.</div>
<br>
<strong>Qualifications</strong><br>
<div>You must possess the below minimum qualifications to be
initially considered for this position. Preferred qualifications
are in addition to the minimum requirements and are considered a
plus factor in identifying top candidates. Experience listed below
would be obtained through a combination of your school
work/classes/research and/or relevant previous job and/or
internship experiences.</div>
<div><br>
 </div>
<div><strong><em class=""c1"">Minimum
Qualifications:</em></strong></div>
<p>You should possess a Master's degree in Industrial or
Manufacturing Engineering along with the following:<br></p>
<p>6+ months in designing equipment layout and work flow<br>
6+ months developing, validating and summarizing equipment
performance data for capacity modeling and analysis<br>
6+ months with documenting, training and reviewing/auditing the
implementation of that material</p>
<p> </p>
<div>***Must have legal right to work in the U.S. without
sponsorship***</div>
<br>
<strong>Other Locations</strong><br>
<br>
<strong>Posting Statement</strong><br>
Intel prohibits discrimination based on race, color, religion,
gender, national origin, age, disability, veteran status, marital
status, pregnancy, gender expression or identity, sexual
orientation or any other legally protected status.",No experience
6,Industrial Engineer,"<div class=""bwcenter"">    Seyer Business Group, Inc. in Beeville, TX seeks<br >    <span class=""bwbold""><span class=""bwallcaps"">Industrial Engineer</span></span><br >   </div>   <div class=""bwjustify"">    to review prduction scheds, eng specs, process flows &amp; other info to undrstnd &amp; imprv methds &amp; activities in manufctrng &amp;services for cement/concrete plant.Confer w/clients about prdction specs,vendors about prchases,mgmt personnel about manfctrng capabilities.Min rqmt: Bach. in Indust Eng or equiv and 12 mo exp. Email resume to hr@seyerconcrete.com or fax to (855)641-5315 attn: job#24</div>",No experience
7,Industrial Engineer,"<p><span style=""color: #993300; font-size: medium;""><strong>YOU MUST APPLY FOR THIS POSITION VIA THE USAJOBS.GOV WEBSITE</strong></span></p> <p>LINK: <a href=""https://www.usajobs.gov/GetJob/ViewDetails/449352900/"">https://www.usajobs.gov/GetJob/ViewDetails/449352900/</a></p> <div> <div> <p><strong>Job Title:  Industrial Engineer</strong><br /> <strong>Department:  </strong>Legislative Branch<br /> <strong>Agency:  </strong>Government Publishing Office</p> <p><strong>Job Announcement Number:  16-1792085-TC</strong></p> <p><strong>SALARY RANGE:  </strong>$108,887.00 to $141,555.00 / Per Year</p> <p><strong>OPEN PERIOD: Monday 9/5/2016 </strong>to <strong>Monday 9/12/2016</strong>  </p> <p><strong>SERIES & GRADE: </strong>PG-0801-14</p> <p><strong>POSITION INFORMATION: </strong>Full Time - Permanent</p> <p><strong>PROMOTION POTENTIAL: </strong>14</p> <p><strong>DUTY LOCATIONS: </strong>1 vacancy in the following location: Washington DC, DC</p> <p><strong>WHO MAY APPLY: </strong>US Citizens and Status Candidates</p> <p><strong>SECURITY CLEARANCE: </strong>Top Secret</p> <p><strong>SUPERVISORY STATUS: </strong>No</p> <p><strong>JOB SUMMARY:</strong></p> <p align=""center""><strong>Come be a part of one of the largest digital information facilities in the world!</strong></p> <p><strong>Established by Congress in 1861, GPO is transforming itself as an agency and as a business. We provide other agencies with innovative services for the printing, publishing, storage, and distribution of digital content. The public will enjoy permanent access to digital government information, acquiring it quickly, easily, and with confidence in its authenticity. GPO employees are proud of their abilities and passionate about their craft. Whether your expertise is in putting ink on paper, commanding a digital output system, or engineering the delivery of information online, we'd like to talk to you. </strong></p> <p>This position is located in Security and Intelligent Documents, Office of the Managing Director, Office of the Operations Manager, Washington, DC.</p> <p>Selectee will work Shift 1 and have a tour of duty of 8:00 am to 4:30 pm.</p> <p>Security and Intelligent Documents (SID) is a secure manufacturing facility where as a recognized technical authority, the employee of the position provides expertise in the resolution of a broad range of critical project management and engineering challenges necessary to ensure successful manufacture of the U.S. Passport and other secure Federal credentials critical to the national interest.  The impact of U.S. Passport manufacturing and other Secure Credential work affects GPO's ability to fulfill the needs of the Department of State, Department of Homeland Security and, in a broader sense, U.S. National Security.  </p> </div> <div><hr /> <h3>DUTIES:</h3> <h3><span style=""color: #c00000; font-family: Verdana;""><span style=""color: #000000; font-family: Tahoma;"">The employee serves as the Manufacturing Process Engineer with a background in process, mechanical, electrical, and/or software/industrial controls. The position requires a hands-on engineering background, engineering design/development experience, and a demonstrated ability to solve real problems within a high volume manufacturing environment. The employee is an expert advisor and consultant to officials and managers within as well as other engineers, and industry experts outside the GPO, to advise them on technical and project management issues. Specifically, the employee:</span></span></h3> <div> <ul> <li><span style=""color: #000000; font-family: Tahoma;"">Will be assigned to ""own"" and resolve equipment and/or manufacturing process issues and generate a corrective action plan through coordination of pre- and post-operational analysis for U.S. e-Passport and Secure Credential Card Manufacturing. The employee is first and foremost a hands-on problem solver using strong systematic problem solving skills.</span></li> <li><span style=""color: #000000; font-family: Tahoma;"">Serves as a technical leader of a multi-disciplined, multi-person project team to resolve production problems. The team may include resources from various departments such as production, quality, and product development. The employee may request support from internal departments and outside consultants as required.</span></li> <li><span style=""color: #000000; font-family: Tahoma;"">May design mechanical modifications to Bindery and Press equipment to improve production capacity and throughput, and to decrease waste utilizing ""best practice methodologies: such as Overall Equipment Effectiveness (OEE), Statistical Process Control (SPC) and other methodologies.</span></li> <li>Verifies if new product designs developed by SID are producible or will recommend changes to make the product producible.</li> <li>Creates, designs, builds, and installs a system to track and report factory metrics such as throughput, line balancing, equipment utilization and down time, and product spoilage. Report metrics on OEE. The employee may be asked to resolve problems adversely affecting these metrics by chartering and leading Kaizen events designed to foster employee engagement and sustain continuous improvement.</li> <li>Charters and leads Six-Sigma/A3 projects designed to foster employee engagement and sustain continuous improvement.</li> <li>Develops and executes test plans to verify solutions have solved defined problems.</li> <li>Implements sensor systems (such as inspection technology), equipment or software improvements and verify results.</li> <li>Develops standard operating procedures for new equipment for the various processes in manufacturing.</li> <li>Participates in new product launches - creating Routers, Bills-of-Materials, Standard Work documents, and ISO procedures.</li> <li>Develops proposals to cost justify programs to improve productivity, quality, and/or efficiency of the manufacturing operations. </li> <li>Develops and tracks project plans including costs, milestones, schedules and resource requirements.</li> <li>Makes presentations to peers and senior management regarding project results and performance.</li> </ul> </div> </div> </div>",No experience
8,Industrial Engineer,"Industrial Engineer (1 Positn/ F-T) needed in Edison, NJ & various unanticipated locs thruout US to review components of assembly process planning & recommend practice improvements. Communicate w/ mgmt & user personnel to dvlp production & design standards. Analyze eng'g drawings & create visual aids w/ detailed process instructions. Estimate production costs, cost saving methods, & effects of product design changes on expenditures for mgmt review, action, & control. Must have Bachelor's (or foreign equiv) in Comp Sci, Eng'g (any) or rel. field, plus 2 yrs exp in eng'g field. 1 yr of the 2 yrs exp in eng'g field must incl exp using Auto CAD Electrical, Proms.e V8i, & IAB tool. In lieu of Bachelor's (or foreign equiv), we will accept Bachelor's (or foreign equiv) earned thru any suitable comb of educatn, training, &/or exp, as determined by prof'l evaluatn srvc. All exp may be acquired concurrently. Travel & relocatn req'd. Send resumes L&T Technology Services Limited (LTTS), 2035 Lincoln Highway, Edison Square West, Suite 3002, Edison, NJ 08817; Ref:106LLT; EOE Web Id: 20091",No experience
9,INDUSTRIAL ENGINEER,"Industrial Engineer&#58; MS in Engrng mgmt, or related req. Mail resume to&#58; Coverking, Attn&#58; HR- 900 E. Arlee Pl. Anaheim, CA 92805.",No experience
10,Industrial Engineer,"Industrial Engineer 
(Mishawaka, IN) Engage in modeling process flow using industrial engineering software to recommend the most efficient assembly process. Test products & prep design layouts by manual means or through computer graphics systems. Make production design calculations & conduct analyses & computer simulations for production processes. Work with customers & correspond with vendors & suppliers. MA in Engineering required. 9AM - 5PM, Mon.-Fri., 35 hrs/wk. Mail resume to: 
Dr. Peter Bauer
Chief Technology Officer, 
Slipstream Projects LLC,
1810 Clover Rd, 
Mishawaka, IN, 46545.",No experience
11,senior industrial engineer,"ENGINEERING: 
	Senior Industrial Engineer. Zollner Electronics has a position avail for Senior Industrial Engineer in Milpitas, CA. Requires: MS in Industrial Engineering; 4yrs experience in relevant job as engineering professional, Six Sigma Black Belt Cert, and experience in Soldering Process, and Value Stream Mapping. Send rsum to: Nessa Hunt, HR, Zollner Electronics, 575 Cottonwood Drive, Milpitas, CA 95035. EOE",No experience
12,industrial engineer,"TELESCOPE CASUAL  FURNITURE, INC., is now  hiring an INDUSTRIAL  ENGINEER. The ideal candidate would have familiarity with time studies, costing and excel in mathematics. Experience  in the field of industrial engineering is preferred. Salary based on experience.   Email resume and salary requirements to  hr@telescopecasual.com",No experience
13,industrial engineer,"ENGINEERING: 
	Industrial Engineer. Plan & implement QC to max reliability. Improve sequence of ops solder paste stencils. Organize process for gerber data editing service. Review engineering specs for wave solder & SMT fixtures. BS in Industrial Engineering. Send Resume to Stencil Masters, Inc. 780 Charcot Avenue, San Jose, CA 95131",No experience
14,Industrial Engineer,"TI Group Automotive Systems, LLC seeks an Industrial Engineer for a position in Lavonia, GA. Successful candidates must have an MS & exp. Qualified applicants can email or send resumes to Attn: HR at lkipila1@gmail.com or TI Group Automotive Systems, LLC, 2020 Taylor Rd, Auburn Hills, MI 48326. No phone calls please.",No experience
15,Industrial Engineer,"<font face=""Univers 57 Condensed"" size=""2"" color=""#000000"">Anlyze &amp; eval indstrl prodctvty &amp; standrd covrge of the prdctn plant. Req BS in Indstrl Engg or Mech Engg + skills &amp; knwldg of CAD, MRP, Aggregate Planning, Time-and-motion studies, Analysis of variance (ANOVA), Process Capability. Send r&eacute;s w/code JOI001 to HR, S.S. White Technologies, 151 Old New Brunswick Rd, Piscataway, NJ 08854.</font>     Web Id: 99488",No experience
16,Industrial Engineer,"<p>Boise Cascade is one of the largest building materials distributors and is North America's #2 manufacturer of laminated wood, I-joists, and plywood. We are seeking to fill positions in our Chester, SC location</p>
<p><strong> Industrial Engineer</strong> - Responsible for evaluating and improving plant performance in the areas of safety, quality, production output and operating cost. Prefer degree in Business, Engineering, or Wood Products (Natural Resources) and between 0-4 years of experience in related job function. Excellent communication skills required.</p>
<p><strong> Mobile Mechanic</strong> - Successful candidate will be proficient in mechanical, hydraulic pneumatic knowledge and troubleshooting skills as it pertains to forklifts and heavy equipment. Qualifications include a minimum of 5 years forklift and heavy equipment repair experience; basic computer knowledge of Word and Excel are also required.</p>
<p><strong>Electronic Specialis</strong>t - This position is responsible for improving the design, installation, maintenance and operation of all types of control devices and electronic accessories, working with production, administrative personnel, and vendors. Prefer degree or must have at least two years of industrial experience with electronics, computers, and control systems, or have equivalent technical education. Must have a solid understanding/ability to troubleshoot electronic components and control systems, ability to write PLC programs and working knowledge of PC programs.</p>
<p><strong> Production Line Workers</strong> - Qualified candidates for entry level laborer positions.. Responsible for upkeep and cleaning of general assigned area, providing breaks (break-out) of other employees, moving heavy objects, cleaning equipment and/or machinery, and loading or unloading of material. The facility operates in a ""shift work"" environment that emphasizes safety, team building, total quality, and continuous process improvement. Must be able to work any shift including weekends, holidays and mandatory overtime with little advance notification.</p>
<p>Great benefits, retirement plan, health, dental, vision and life insurance.</p>
<p>Boise Cascade is proud to be an Equal Opportunity Employer</p>
<p>Visit our website for complete job descriptions and to apply www.bc.com/careers</p>
<p>1445 Lancaster Highway, Chester, SC 29706&nbsp;</p>",No experience
17,Industrial Engineer,"Industrial Engineer sought by zulily, LLC in Seattle, WA to enhance & expand fulfilment operations. Apply @ www.jobposting
today.com ref # 68456.",No experience
18,Lean Industrial Engineer,"Whirlpool Corporation seeks. 
	Lean Industrial Engineer in Marion, OH. Dvlp future state vision & roadmap, provide direction for Whirlpool Production System. Req: Master + 1; or Bachelor + 7. Apply by mail to: Whirlpool Attn: Global Mobility, 2000 North M-63, MD 2000, Benton Harbor, MI 49022 (Must ref. Job Code: CW-AP03YA)",No experience
19,Entry Level Industrial Engineer,"Engineer
<br/>ENTRY LEVEL INDUSTRIAL ENGINEER
<br/>Confidential company located in Spartanburg, SC is seeking qualified candidates to fill an Entry Level Industrial Engineer opportunity. 
<br/>
<br/>This position will be responsible for analyzing and researching system functionality and configuration within the distribution center to ensure optimal performance is met. This position may also perform technical studies, research special projects, and/ or conduct other tasks/duties as assigned, to determine key metrics and provide recommendations for process, system, and/ or technological improvements and/or changes.
<br/>
<br/>This position reports to the Operations Director. Shift is Monday - Friday, hours may vary based on business needs. HOWEVER, business needs may dictate arriving earlier, staying later, working on weekends/ holidays, and off shift if necessary. 
<br/>
<br/>Qualified candidates for this Entry Level position should possess 
<br/>
<br/> College degree, preferably in Industrial Engineering
<br/> Prior experience, OR an equivalent combination of education and experience
<br/> Proficiency in MS Office as well as warehouse and labor systems
<br/> Ability to read, analyze and interpret technical procedures, SOPs, reports, manuals
<br/> Absolutely must possess excellent written, verbal and non-verbal communication skills, ability to work in a team environment, and maintain professionalism and confidentiality at all times in a production environment
<br/>
<br/>In addition, candidates being considered for this role must be able to 
<br/> Provide proof education and/or DD214 if applicable for military
<br/> Complete a national background screening
<br/> Complete a pre-employment drug screening
<br/>
<br/>This is a full-time exempt salaried position with the option to participate in a health benefits package. Qualified candidates must email resume to janicek@imsco.com. Local candidates only, no relocation provided. EOE",No experience
20,industrial engineers,"INDUSTRIAL 
	ENGINEERS 
	Western Digital Technologies, Inc. has opptys in Milpitas, CA for Ind & Ops Engrs. Mail resume to Attn: HR, 951 SanDisk Dr, MS:HRGM, Milpitas, CA 95035, Ref #MILASU. Must be legally auth to work in the U.S. w/o spnsrshp. EOE",No experience
21,Industrial Engineer,"<p><strong>TELESCOPE CASUAL FURNITURE, INC.,</strong> is now hiring an <strong>INDUSTRIAL ENGINEER</strong>. The ideal candidate would have familiarity with time studies, costing and excel in mathematics. Experience in the field of industrial engineering is preferred. Salary based on experience.</p>",No experience
22,Industrial Engineering Technology Faculty Member,"<p>Career Opportunities Sinclair Community College is currently seeking talented qualified candidates for the following career opportunity:&nbsp;</p>
<p>Job Title: Industrial Engineering Technology Annually Contracted Position</p>
<p><strong>Job Number:</strong> 03262</p>
<p><strong>Department:</strong> Operations Technology</p>
<p><strong>Job Category:</strong> Faculty</p>
<p><strong>Job Type:</strong> ACF</p>
<p><strong>Status:</strong> Regular</p>
<p><strong>Job Open Date:</strong> 05/19/2017</p>
<p><strong>Resume Review Date:</strong> 06/05/2017</p>
<p><strong>Closing Date</strong></p>
<p><strong>Open Until Filled:</strong> Yes</p>
<p><strong>Position Summary:&nbsp;</strong>Sinclair Community College is a comprehensive community college with an enrollment of over 23,000 students that offers career and transfer programs leading to an associate degree, certificate programs, and continuing education opportunities. The Science, Mathematics and Engineering Division at Sinclair is currently seeking candidates for an Annually Contracted Faculty opening in the Industrial Engineering Technology Department effective , August 16, 2017.</p>
<p>All positions are pending final budget approval for the 2017-2018 academic year.</p>
<p>Resume review will begin on: June 5, 2017.</p>
<p><strong>Principal Accountabilities:</strong></p>
<p>*Teach at least 30 credit hours per academic year</p>
<p>*Cooperate with full-time faculty, the department chairperson, and the division dean in implementing the instructional program</p>
<p><strong>Requirements:</strong></p>
<p>*Bachelor&rsquo;s Degree in a field related to Industrial Engineering, Manufacturing, or Quality required</p>
<p>*Master&rsquo;s preferred</p>
<p>*Expertise in Quality Engineering topics such as Metrology, Advanced Metrology (Coordinate Measuring Machines), Statistical Process Control, Calibration and American Society for Quality Certifications preferred</p>
<p>*Knowledge of Industrial Engineering topics such as Lean, Six-Sigma, Motion and Time Study and Engineering essential</p>
<p>*Teaching experience in IET or Quality classes is highly desirable</p>
<p>*ASQ certifications preferred</p>
<p>*Five years minimum industrial experience in IET or Quality environment essential</p>
<p>*Availability to teach on Dayton campus as well as off campus sites required</p>
<p>*A demonstrated commitment to improving student learning through innovative strategies shown to help students succeed at the course and program level, including ability to teach in a student-centered active learning model required</p>
<p>*Effective communication and interpersonal skills, and the capacity to work successfully in a culturally diverse college community required</p>",No experience
23,Industrial Engineer,"<p><strong>INDUSTRIAL ENGINEER</strong>. Telescope Casual Furniture Inc is now hiring an Industrial Engineer. The ideal candidate would have familiarity with time studies, costing and excel in mathematics. Experience in the field of industrial engineering is preferred. Salary based on experience.</p>
<p>&nbsp;</p>
<p>&nbsp;</p>",No experience
24,Industrial Engineer,"<p>·         Review production schedules, engineering specifications, process flows and other information to understand methods and activities in manufacturing.</p>

<p>·         Figure out how to manufacture parts/products with maximum efficiency.</p>

<p>·         Develop management control systems to make financial planning and cost analysis more efficient.</p>

<p>·         Enact quality control procedures to resolve production problems and minimize cost.</p>

<p>·         Work with customers and management to develop standards for design and production.</p>

<p>·         Design control systems to coordinate activities and production planning to ensure that products meet quality standards.</p>

<p>·         Confer with Clients about product specifications, vendors about purchases, management personnel about manufacturing capabilities, and staff about the status of projects.</p>

<p>·         Some travel to observe processes and make assessments in various work settings.</p>

<p>·         Bridge between the technical and business side of the organization.</p>

<p>·         Supply chain management.</p>

<p>·         Assist with quoting.</p>

<p>·         Implement a LEAN Manufacturing program and audit/evaluate effectiveness.</p>

<p>·         Prove-Out system</p>

<p>·         Study product requirement s and design manufacturing and information systems to meet requirements.</p>

<p>·         Improve ways to distribute goods and services.</p>

<p>·         Determine most viable locations for equipment and processes for all locations, best layout of equipment and workspace to increase efficiencies/productivity.</p>

<p>·         Create sampling procedures and designs.</p>

<p>·         Evaluate accuracy of production and testing equipment.</p>

<p>·         Study and improve material flow and operational sequence.</p>

<p>·         Evaluate effects of product design changes.</p>

<p>·         Evaluates manufacturing processes by designing and conducting research programs; applying knowledge of product design, fabrication, assembly, tooling, and materials; conferring with equipment vendors; soliciting observations from operators.</p>

<p>·         Prepare product and process reports by collecting, analyzing, and summarizing information and trends.</p>

<p>·         Completes design and development projects by training and guiding technicians.</p>

<p>·         Maintains professional and technical knowledge by attending educational workshops; reviewing professional publications; establishing personal networks; participating in professional societies.</p>

<p>·         Maintains product and company reputation by complying with government regulations.</p>

<p> </p>",No experience
25,Industrial Engineer,"<p>Telescope Casual Furniture, Incorporated, is now hiring an Industrial Engineer. The ideal candidate would have familiarity with time studies, costing and excel in mathematics. Experience in the field of industrial engineering is preferred. Salary based on experience.</p>",No experience
26,Industrial Engineer,"<p>Telescope Casual Furniture, Inc., is now hiring an Industrial Engineer. The ideal candidate would have familiarity with time studies, costing and excel in mathematics.</p>
<p>Experience in the field of industrial engineering is preferred.</p>
<p>Salary based on experience.</p>",No experience
27,Industrial Engineer,"<p>Telescope Casual Furniture, Inc., is now hiring an Industrial Engineer. The ideal candidate would have familiarity with time studies, costing and excel in mathematics. Experience in the field of industrial engineering is preferred. Salary based on experience.&nbsp;</p>",No experience
28,Industrial Engineer,"<p><span style=""font-family: Verdana, sans-serif;"">Telescope Casual Furniture</span>, Inc., is now hiring an Industrial Engineer. The ideal candidate would have familiarity with time studies, costing and excel in mathematics. Experience in the field of industrial engineering is preferred. Salary based on experience.&nbsp;</p>",No experience
29,Industrial Engineer,"<p>&nbsp;Telescope Casual Furniture, Inc., is now hiring an Industrial Engineer. The ideal candidate would have familiarity with time studies, costing and excel in mathematics. Experience in the field of industrial engineering is preferred. Salary based on experience.</p>",No experience
30,Industrial Engineer,"<p><span style=""font-family: Verdana, sans-serif; font-size: 10.5pt;"">Telescope Casual Furniture, Inc</span>., is now hiring an Industrial Engineer. The ideal candidate would have familiarity with time studies, costing and excel in mathematics. Experience in the field of industrial engineering is preferred. Salary based on experience.&nbsp;</p>",No experience
31,Industrial Engineer,"<p>Telescope Casual Furniture Inc., is now hiring an Industrial Engineer The ideal candidate would have familiarity with time studies, costing and excel in mathematics. Experience in the field of industrial engineering is preferred. Salary based on experience.</p>",No experience
32,Industrial Engineer,"<p>Telescope Casual Furniture, Inc. is now hiring an Industrial Engineer. The ideal candidate would have familiarity with time studies, costing and excel in mathematics. Experience in the field of industrial engineering is preferred. Salary based on experience.&nbsp;</p>",No experience
33,Industrial Engineer #Lam343-IE-CA,"<p>Industrial Engineer in Fremont, CA (Lam343-IE-CA) - Drive improvement towards operational excellence by leveraging Quality Engineering and Lean Six Sigma principles. Require 25% US and International travel. Requirements, Master of Science plus three (3) years of experience or Bachelor of Science plus five (5) years of experience.&nbsp;</p>",No experience
34,Industrial Engineer #JOI002,"<p><strong>Industrial Engineer</strong> (St Petersburg, FL)</p>
<p>Analyze and evaluate Industrial productivity and standard coverage of the production plant.</p>
<p><strong>Requirements:</strong></p>
<p>Bachelor of Science in Industrial Engineering or Mechanical Engineering plus skills and knowledge of CAD, MRP, Aggregate Planning, Time-and-motion studies, Analysis of variance (ANOVA), Process Capability.</p>",No experience
35,Industrial Engineer #SID002,"<p class=""MsoNormal""><span style=""font-size: 10.5pt; line-height: 115%; font-family: Verdana, sans-serif; background-image: initial; background-position: initial; background-size: initial; background-repeat: initial; background-attachment: initial; background-origin: initial; background-clip: initial;"">Industrial Engineer (Petersburg, FL) - Design and implement projects for increased efficiency and productivity of supply chain processes &amp; systems. Requires MS in Industrial Engineering or Mechanical Engineering plus skills and knowledge of ERP system, Replacement Analysis, Data modeling (IDEF1/IDEF3), ANOVA, Material Management, Mathematical Optimization (Linear &amp; Integer Programming), Six Sigma and Lean Manufacturing. </span></p>
<p>&nbsp;</p>
<p class=""MsoNormal""><span style=""font-size: 10.5pt; line-height: 115%; font-family: Verdana, sans-serif; background-image: initial; background-position: initial; background-size: initial; background-repeat: initial; background-attachment: initial; background-origin: initial; background-clip: initial;"">Job Code: SID002</span></p>",No experience
36,Industrial Engineer #IE17,"<p>SB Industry Inc. Forth Worth, TX seeks Industrial Engineer. Requires Bachelor's degree + 6 months experience.&nbsp;</p>",No experience
37,Industrial Engineer,"<p>ME Elecmetal, a global supplier of castings for the mining industry, is recruiting in its Duluth, MN foundry.&nbsp; Candidates must possess accredited Engineering degrees concentrated in Industrial, Mechanical, Chemical, or Material Science/Metallurgy.</p>
<p>These positions are salaried and ME Elecmetal offers competitive benefit packages, which include medical &amp; dental insurance, life insurance, 401k, and tuition reimbursement.</p>
<p>All qualified candidates must be:</p>
<ul>
<li>committed to creating a safe work environment</li>
<li>committed to high performance standards</li>
<li>committed to producing high quality products</li>
<li>willing to work in an environment that expects excellence</li>
</ul>
<p>Core Values: ME Elecmetal is an Equal Opportunity Employer and Drug Free Workplace. We are looking for Engineers who share our passion for craftsmanship and operational excellence.</p>",No experience
38,Industrial Engineer--Energy,"<p><strong>Industrial Engineer--Energy</strong></p>
<p>Creative Thermal Solutions seeks an Industrial Engineer--Energy.</p>
<p><strong>Duties:</strong></p>
<p>Conduct independent research in the fields of thermodynamics, heat transfer, refrigeration, and air-conditioning systems. Estimate production costs, cost saving methods, and the effects of product design changes on expenditures for management review, action, and control. Use drafting tools and computers (CAD, MATLAB, and LABVIEW) to draft and design layout to illustrate maximum efficiency of energy equipment, materials and workspace. Perform other duties as required.</p>
<p><strong>Requirements:</strong> Bachelor's degree in Mechanical Engineering, Industrial Engineering, Environmental Engineering, or closely related. Advanced coursework in thermal sciences and energy conservation systems. Acquired skills include energy auditing, waste heat recovery analysis, numerical analysis, experience designing and conducting research testing, research report writing, and classroom instruction. Proficient in thermodynamics, fluid mechanics, multiple CAD software programs, Matlab, and Labview. Full-time</p>
<p><em>Creative Thermal Solutions is an affirmative action/equal </em> <em>opportunity employ</em>er.</p>",No experience
39,Distribution Center Industrial Engineers,"<p><strong>Distribution Center Industrial Engineers </strong></p>
<p>Home Depot U.S.A., Inc. has multiple openings for Distribution Center Industrial Engineers to support process improvements for facilitates in our Regional Distribution Center Supply Chain Network.</p>
<p><strong>Work Location: </strong></p>
<p>Van Buren, OH. Up to 20% travel required. All positions require related degree and/or experience and/or skills. Multiple openings.</p>",No experience
40,Industrial Engineer,"Industrial Engineer    
	(Columbus, OH) Design, develop, test, & evaluate integrated systems for managing industrial production process of metal fabricated consumer products. Develop tools, implement designs, & integrate machinery, equipment, & computer technologies (including CNC) to ensure effective process. Recommend actions to assure or improve product quality & reliability. Prepare layouts & drawings of machinery & equipment. Identify & implement new manufacturing technologies, process, or equipment. Monitor processes to identify ways to reduce losses, decrease time requirements, & improve quality. Coordinate purchase of equipment. Develop protocols associated with automated production equipment & safety standards. Master's degree in Industrial Engineering plus 1.5 years of experience in Plant or Industrial Engineer performing related duties required. Send resume to, HR Panacea Products Corporation, 2711 International St, Columbus, OH, 43228.",1-3 years of experience
41,Manufacturing / Industrial Engineer,"SIEMENS ENERGY, INC. seeks a Manufacturing/Industrial Engineer at Charlotte, NC facility. Provide technical support for Gas Turbine Rotor Shop. Develop, evaluate, & improve manufacturing methods. Required: High School diploma and 2 yrs exp as a technician with large gas & steam turbines. Prior exp must incl: reading & interpreting complex technical drawings & specifications; understanding of geometric dimensioning & tolerance; AutoCAD, NX, Pro Engineer, TDM, & Team Centre; Microsoft office products, SAP, OIL & SPS tools; tools for development & customization of post processors for Multi-axis CNC Grinding equipment; Reverse Engineering tools & process definition for tooling & fixture calibration; Tooling, Fixture & Lifter designs for heavy components; process development & machining of Hirth & Curvic clutches; operation of Gleason & Magerle machines; FMEA, Lean, Six Sigma & Product Process Qualifications; product development process; & evaluation & selection of Technology for manufacturing & assembly of Gas Turbines. Offer of employment with Siemens is conditioned upon the successful completion of a background check and drug screen, subject to applicable laws and regulations. Mail resumes to: Brett Sanchez, Siemens Energy, Inc., 4400 N. Alafaya Trail, Orlando, FL 32826. Please reference BS/KS. Applicants must be authorized to work in the US permanently. EOE.",1-3 years of experience
42,industrial engineer,"Sharp Packaging Solutions, an industry leading Pharmaceutical Contract Packager in Conshohocken, PA has an outstanding opportunity for an  INDUSTRIAL ENGINEER. Develops and implements appropriate operational standards and procedures as they apply to industrial engineering, cost reduction, manufacturing and facilities improvement programs. Reviews all cost estimates for accuracy prior to distribution and prepares timely accurate cost estimates based on requests from Sales.  Reviews and approves product changes (structures, routings, etc.) and completes input forms for maintenance of product structures and routings. Develops new and revised methods of manufacturing for all projects. Assist in designing and procuring of tools, jigs, fixtures and equipment.   The successful candidate must have a College Degree BS/BA Master’s Preferred and 4 yrs. related experience.  Sharp offers competitive wages and an exceptional benefits package.   Email resume to humanresources@sharpservices.com  or fax to 610-573-2233  Responses must include salary requirements.  No phone calls or walk-ins please.",1-3 years of experience
43,Manufacturing Systems Industrial Engineer,"<p style=""box-sizing: inherit; color: #303c42; font-family: Roboto, sans-serif; font-size: medium;"">Rite-Hite Doors, Inc. has an outstanding opportunity for the position of Manufacturing Systems Engineer.&nbsp; This position is responsible for the maintenance and development of the manufacturing systems, incorporating manufacturing and industrial engineering process knowledge. This position will plan, design and manage the manufacturing infrastructure and manage the configuration modules of manufacturing software.&nbsp;</p>
<p style=""box-sizing: inherit; color: #303c42; font-family: Roboto, sans-serif; font-size: medium;"">Qualified candidates must possess Bachelor's degree (B. S.) from 4-year college or university in industrial, manufacturing or mechanical engineering.&nbsp; Also, 1 to 5 years related experience in a fast paced manufacturing setting preferred, but not required. Knowledge of manufacturing, and engineering processes/methods, demonstrated understanding of Lean Manufacturing tools and concepts and Six Sigma training or certification desired. Understanding of ERP logic, MRP and inventory control experience is desired. Experience working with JD Edwards manufacturing platforms highly desired.&nbsp; APICS certification also preferred but not required.</p>
<p style=""box-sizing: inherit; color: #303c42; font-family: Roboto, sans-serif; font-size: medium;"">&nbsp;</p>
<p style=""box-sizing: inherit; color: #303c42; font-family: Roboto, sans-serif; font-size: medium;"">Competitive starting salary with full benefit package provided.&nbsp; <strong>For the chance to join our team of successful and motivated professionals,&nbsp;please click apply and attach your resume.&nbsp;</strong></p>
<p style=""box-sizing: inherit; color: #303c42; font-family: Roboto, sans-serif; font-size: medium;"">&nbsp;</p>
<p style=""box-sizing: inherit; color: #303c42; font-family: Roboto, sans-serif; font-size: medium;""><strong style=""box-sizing: inherit;"">Rite-Hite Corporation</strong></p>
<p style=""box-sizing: inherit; color: #303c42; font-family: Roboto, sans-serif; font-size: medium;"">Human Resources</p>
<p style=""box-sizing: inherit; color: #303c42; font-family: Roboto, sans-serif; font-size: medium;"">4343 Chavenelle Dr.</p>
<p style=""box-sizing: inherit; color: #303c42; font-family: Roboto, sans-serif; font-size: medium;"">Dubuque, IA 52002</p>
<p style=""box-sizing: inherit; color: #303c42; font-family: Roboto, sans-serif; font-size: medium;"">&nbsp;</p>
<p style=""box-sizing: inherit; color: #303c42; font-family: Roboto, sans-serif; font-size: medium;"">E O E / A A</p>
<p style=""box-sizing: inherit; color: #303c42; font-family: Roboto, sans-serif; font-size: medium;"">Drug Free Workplace</p>
<p style=""box-sizing: inherit; color: #303c42; font-family: Roboto, sans-serif; font-size: medium;"">&nbsp;</p>",1-3 years of experience
44,industrial engineer,"ENGINEERING-Industrial Engineer: Micro Lithography, Inc in Sunnyvale, CA. Design systems for pellicle manu-facturing.BSIE/ME + 2 yrs exp. Send resume to: hr@mliusa.com w/Job# MLI-1608.",1-3 years of experience
45,Industrial Engineer,"<p class=""MsoNormal""><span style=""font-size: 13.5pt; font-family: Arial, sans-serif;"">Industrial Designer, design/develop Heckler Design products. FT, Req. Master in Industrial Design. Apply at Hecktech Inc. 2115 S. 11th Ave. #120, Phoenix, AZ 85007&nbsp;</span><span style=""font-size: 9.5pt;""><a href=""mailto:hr@hecklerdesign.com"" target=""_blank"">hr@hecklerdesign.com</a></span></p>",1-3 years of experience
46,Industrial Engineer,"<p style=""box-sizing: inherit; color: #303c42; font-family: Roboto, sans-serif; font-size: medium;"">Camso Manufacturing is seeking an&nbsp;<strong style=""box-sizing: inherit;""><em style=""box-sizing: inherit;""><span style=""box-sizing: inherit; text-decoration: underline;"">Industrial Engineer</span></em></strong>&nbsp;at our Peosta facility.&nbsp; This is a full-time, permanent position.</p>
<p style=""box-sizing: inherit; color: #303c42; font-family: Roboto, sans-serif; font-size: medium;"">Camso, the Road Free company is active in 27 countries around the world with more than 7,500 dedicated employees located primarily in Asia, Europe and North America.&nbsp; It has four R&amp;D centers and 24 manufacturing plants and operates an international distribution network in over 100 countries.<br style=""box-sizing: inherit;"" /><br style=""box-sizing: inherit;"" />When you choose to work with us, you join a team that's always on the move to achieve its dream.&nbsp; Want to reach your true career potential and break new ground?&nbsp; Join us where the road ends.</p>
<p style=""color: #222222; font-family: arial, sans-serif; font-size: 12.8px;""><span style=""color: #303c42; font-family: Roboto, sans-serif; font-size: medium;"">- See more at: https://www.localjobnetwork.com/j/22949377?pc=FFE291B706</span></p>
<p style=""color: #222222; font-family: arial, sans-serif; font-size: 12.8px;""><strong>JOB DUTIES</strong>&nbsp;&nbsp;</p>
<ul style=""color: #222222; font-family: arial, sans-serif; font-size: 12.8px;"">
<li style=""margin-left: 15px;"">Analyze and improve material flow and plant layout to optimize production efficiency, safety, quality, and costs;</li>
<li style=""margin-left: 15px;"">Value stream management;</li>
<li style=""margin-left: 15px;"">Health and Safety risk assessment leader;</li>
<li style=""margin-left: 15px;"">Make or buy analysis;</li>
<li style=""margin-left: 15px;"">Lean manufacturing resource;</li>
<li style=""margin-left: 15px;"">Project management;</li>
<li style=""margin-left: 15px;"">Determine plant requirements and cost/profit benefits for potential expansions, machine conversions, etc.;</li>
<li style=""margin-left: 15px;"">Support other departments as needed.</li>
</ul>
<p style=""color: #222222; font-family: arial, sans-serif; font-size: 12.8px;"">&nbsp;<strong>JOB SKILL REQUIREMENTS</strong>&nbsp;</p>
<ul style=""color: #222222; font-family: arial, sans-serif; font-size: 12.8px;"">
<li style=""margin-left: 15px;"">Bachelor Degree in Industrial Engineering or Equivalent;</li>
<li style=""margin-left: 15px;"">2 or more years work experience would be preferred, but not necessary. Starting Salary will be based on experience and relative job knowledge;</li>
<li style=""margin-left: 15px;"">Exposure to and knowledge of APQP and PFMEA is preferred;</li>
<li style=""margin-left: 15px;"">Proficient Pro-E/Creo, plus AutoCAD is a plus;</li>
<li style=""margin-left: 15px;"">Must be self-directed, hands on, resourceful, people oriented, flexible, professional, positive attitude and have the ability to manage multiple priorities for a fast-paced and world class facility;</li>
<li style=""margin-left: 15px;"">Must have experience/knowledge of personal computer and MS office software, (Excel, Word, PowerPoint and Visio);</li>
<li style=""margin-left: 15px;"">Strong back ground in Lean Manufacturing;</li>
<li style=""margin-left: 15px;"">Back ground in agricultural equipment preferred;</li>
<li style=""margin-left: 15px;"">Travel:&nbsp; 5-10% max.&nbsp;if needed.</li>
</ul>
<p><strong>To apply for this position please go to AccessDubuqueJobs.com.</strong></p>
<p style=""color: #222222; font-family: arial, sans-serif; font-size: 12.8px;""><strong>Camso is an equal employment opportunity employer and an affirmative action federal contractor.</strong><br /><br /><strong>In compliance with the ADA&nbsp; Amendments act (ADAAA: American Disabilities Act as Amended), if&nbsp; you have a disability and would like to request an accommodation in order to apply for a position with Camso, please email&nbsp;Renae Bettcher at&nbsp;<a style=""color: #1155cc;"" href=""mailto:renae.bettcher@camso.co"" target=""_blank"" rel=""noopener noreferrer""><span style=""color: #0066cc;"">renae.bettcher@camso.co</span></a>&nbsp;</strong></p>",1-3 years of experience
47,Senior Industrial Engineer,"Senior Industrial Engineer. Mack Trucks Inc., Hagerstown MD seeks individual to support and drive a continuous improvement philosophy utilizing tools in the Volvo Production System and other lean initiatives to meet present and future demands. Qualified apps will have 3 yrs exp working in a manufacturing assembly environment conducting Kaizen/Continuous improvement activities. For a complete position profile with requirements and to apply go to
Volvo Careers at  https://xjobs.brassring.com/1033/ASP/TG/cim_jobdetail.asp?partnerid=25079&siteid=5171&AReq=70314BR&codes=Volvo",1-3 years of experience
48,Industrial Engineer,"<p>Industrial Engineer in Miami, Florida.</p>
<p><strong>Requirements:</strong> Bachelor's Degree in Industrial Engineering or foreign equivalent plus 2 years of experience in the maintenance and repair of industrial equipment. Verifiable references.</p>",1-3 years of experience
49,Industrial Engineer,"GKN Driveline Newton, LLC seeks an Industrial Engineer (work location:  Newton, NC) to generate daily production reports, performance summaries & machine utilization reports. Req. Master Degree or foreign educ. equiv. & 1 yr. exp.  Send resume, cover letter, job code IEGKNNEWS to:  M. Valentine, GKN Driveline Newton, LLC, 1848 GKN Way, Newton, NC 28658.",1-3 years of experience
50,Industrial Engineer,"<h2 style=""text-align: center;"">Guardian Industries, LLC</h2>
<h2 style=""text-align: center;"">has an opening for an</h2>
<h2 style=""text-align: center;""><span style=""text-decoration: underline;""> Industrial Engineer </span></h2>
<h2 style=""text-align: center;"">in Kingsburg, California. 40hrs/wk; 8am -5pm; M-F.</h2>
<h2 style=""text-align: center;"">&nbsp;</h2>
<p style=""text-align: left;""><br />Responsibilities: Perform research, design and development of manufacturing processes including production flow, assembly methods and production equipment; improve manufacturing processes and methods for cost-reduction, quality improvement and efficiency; estimate production costs, cost saving methods, and effects of product design changes on expenditures for management review, action, and control; improve yields, lower costs, and increase manufacturing uptime; create contracts for equipment acquisition and construction; monitor preparation of working drawings presented by outside contractors; identify ways to prevent waste and inefficiency in manufacturing processes; review production information to understand methods and activities in manufacturing and services including but not limited to, production schedules, process flows and engineering specs; design control systems to minimize and resolve production issues and project costs; review production schedules, engineering specifications, orders, and related information to obtain knowledge of manufacturing methods, procedures, and activities; and draft and design layout of equipment, materials, and workspace to illustrate maximum efficiency using drafting tools and computer.<br />Requirements: Bachelor&rsquo;s Degree in Industrial or Mechanical Engineering or foreign degree equivalent, plus 2 years of experience in engineering positions in manufacturing industry. Experience must include: project management of glass fabrication processes; developing techniques for managing processes in a manufacturing setting; data monitoring to ensure quality control; collection of critical process parameters; troubleshooting problems that occur during manufacturing process; working cross-functionally with product and process development teams; coordination of production processes including tooling, hydraulic systems, control systems, and conveyors.<br />Submit resumes to Guardian Industries, LLC:&nbsp;11535 E. Mountain View, Kingsburg, CA 93631. Include Ref #34840-347 w/resume. Guardian Industries, LLC&nbsp;is an equal opportunity/affirmative action employer.</p>",1-3 years of experience
51,INDUSTRIAL ENGINEER,"<p>Industrial Engineer</p>
<p>Progressive state of the art manufacturer of quality automotive parts, located in Nashville, IL is seeking an experienced Industrial Engineer. Job responsibilities include, but are not limited to,&nbsp; developing and administering a plant layout process, built around Systemic Layout Planning (SLP) and Systemic Handling Analysis (SHA) principles, that optimizes material handling and maintain associated drawing and documentation, assist with the development and maintenance of a plant wide scheduling and inventory system (WMS), apply operations research methods to create operational optimization models, apply, time and motion study techniques, etc.</p>
<p>Applicants must have five years of experience, B.S. degree in Engineering or Industrial Engineering, must have basic understanding of 8D, FMEA, APQP, SPC, understanding of standardized work and kaizen activity, proficient in AutoCAD14 or higher, ability to read automotive blueprints and engineering specifications, and be able to adjust to changing needs and conditions.</p>
<p>Interested and qualified candidates should email a resume to the HR Specialist at <a href=""mailto:hr.nascote@magna.com"">hr.nascote@magna.com</a>.</p>",1-3 years of experience
52,Senior Industrial Engineer,"<p>Henniges Automotive North America, Inc., Chinese-owned Tier-1 auto supplier of seal&rsquo;g systems, seeks Senior Industrial Engineer in Auburn Hills, MI. Nat&rsquo;l &amp; internat&rsquo;l travel 15%. Duties: develop mfg processes &amp; process flow for new business quotes; lead Design for Mfg Feasibility meet&rsquo;gs for all new business quotes &amp; support compliance w/ program milestones; ensure implementat&rsquo;n of benchmark&rsquo;g &amp; best practice processes at all mfg plants; incorporate innovat&rsquo;ns into new business quotes &amp; develop new cost calculat&rsquo;g models; work w/ Advanced Mfg Eng&rsquo;g &amp; Purchas&rsquo;g teams to develop competitive automat&rsquo;n processes &amp; capital &amp; tool&rsquo;g costs for new business quotes; participate in plant lean mfg activities (lean headcount calculat&rsquo;n, assembly line balanc&rsquo;g, product&rsquo;n plann&rsquo;g &amp; work cell layout &amp; capacity studies) for new business launch; evaluate current product&rsquo;n process efficiency, develop continuous improvem&rsquo;t activities &amp; recommend methods for cost reduct&rsquo;n; participate in part design reviews to ensure manufacturability of proposed designs; initiate mfg studies to develop best practices; support mgmt of central capital asset list for global mfg ops. Min edu req: bachelor in mechanical eng&rsquo;g, industrial technology or industrial eng&rsquo;g or foreign equiv degree. Min exp req: must have 2 yr exp in industrial eng&rsquo;g posit&rsquo;n w/ Tier-1 auto supplier of seal&rsquo;g systems. Special skills req: must have 2 yr work exp in each of follow&rsquo;g: apply&rsquo;g data analysis techs to assess impact of changes &amp; improvem&rsquo;ts on product mfg processes; us&rsquo;g AutoCAD to define &amp; review mfg plant layouts; work&rsquo;g w/ cross-funct&rsquo;nal multi-cultural teams on definit&rsquo;n of processes &amp; assessm&rsquo;t of mfg risks; develop&rsquo;g &amp; coordinat&rsquo;g implementat&rsquo;n of industrial eng&rsquo;g processes to ensure optimizat&rsquo;n of space, materials &amp; labor; implement&rsquo;g benchmark&rsquo;g &amp; best practice methods. Must have 6 mo work exp in each follow&rsquo;g: develop&rsquo;g &amp; defin&rsquo;g product&rsquo;n costs for auto seal&rsquo;g systems; evaluat&rsquo;g tool&rsquo;g capital; integrat&rsquo;g logistics, packag&rsquo;g, product design &amp; purchas&rsquo;g data into cost estimat&rsquo;n models; work&rsquo;g w/ Eng&rsquo;g &amp; Sales personnel to optimize estimates &amp; draft bids; collaborat&rsquo;g w/ Finance &amp; Process Eng&rsquo;g personnel to standardize global quot&rsquo;g procedures; apply&rsquo;g global benchmarks to draft quotes for new program process cycles; support&rsquo;g global cost estimat&rsquo;n team in evaluat&rsquo;n of volume cost, tool&rsquo;g &amp; capital; perform&rsquo;g financial analyses for eng&rsquo;g change requests for global programs. Exp may be acquired concurrently. Resume to <a href=""mailto:careers@hennigesautomotive.com"">careers@hennigesautomotive.com</a> (Subject Line:&nbsp; HQ-2020-12 Industrial Engineer), or mail to Henniges Automotive North America, Inc., Human Resources, ATTN: Paula Pilotti, 2750 High Meadow Circle, Auburn Hills, MI 48326. EOE. Employer Paid Ad.</p>",1-3 years of experience
53,Industrial Engineer,"<p><strong>Industrial Engineer</strong><br /><br />Summary: Responsible for evaluating existing processes &amp; configuring mfg systems to reduce cost, improve sustainability &amp; develop best practices w/i the production process.</p>
<ul>
<li>Primary responsibilities</li>
<li>Evaluate processes in mfg systems while maintaining reliability and safety to improve production rates, efficiencies, yields, costs, and changeovers.</li>
<li>Assess process capabilities, prioritize process improvement opportunities, and innovates &amp; implement process improvements on multiple &amp; moderately complex processes.</li>
<li>Perform times studies, develops work standards, track &amp; analyze data to track for improvement/monitoring.</li>
<li>Investigate occurrence of internal/external defects and recommend corrective actions.</li>
<li>Work with original equipment mfgs to develop cost-effective &amp; working production processes.</li>
<li>Research &amp; determine ROI of new mfg technology.</li>
<li>Improve mfg efficiency by analyzing &amp; planning work-flow, space requirements &amp; equipment layout</li>
<li>Lead &amp; coach cross functional problem solving &amp; process improvement teams.</li>
<li>Review production schedules, engineering specs, process flows &amp; other info to understand methods &amp; activities in mfg &amp; services.</li>
<li>Enact quality control procedures to resolve production problems or minimize costs.</li>
<li>Design control systems to coordinate activities &amp; production planning to ensure that products meet quality standards.</li>
<li>Resolve how to manufacture parts or products, or deliver services, w/ maximum efficiency.</li>
<li>Collaborate with all the depart managers &amp; initiate, develop &amp; complete cost saving projects.</li>
</ul>
<p><br />Qualifications Required - We are seeking an engineer with a broad understanding of process improvement techniques &amp; lean mfg principles &amp; how those principles can be inc. into a rudimentary mfg process.</p>
<ul>
<li>Master&rsquo;s Degree in Industrial Engineering</li>
<li>Lean Six Sigma Green Belt Certified</li>
<li>Minimum 2 yrs work exp in Mfg and PLC systems</li>
<li>Must have exp with VBA and SQL, ERP systems</li>
<li>Must have excellent Analytical / Problem Solving skills</li>
<li>Must be able to establish and promote a work environment that supports the Quality Policy and Quality System.</li>
<li>Experience w/implementation &amp; auditing of ISO 9001</li>
<li>Results oriented, curious, &amp; self-motivated w/the ability to effectively manage multiple tasks/projects.</li>
<li>In-depth exp with Lean Mfg methods &amp; continuous improvement mindset.</li>
<li>Exp. using visual management systems.</li>
</ul>
<p><br />To apply, please send resumes via email at the link on this page!</p>",1-3 years of experience
54,Industrial Engineer,"<p><strong>Industrial Engineer</strong><br /><br />Summary: Responsible for evaluating existing processes &amp; configuring manufacturing systems to reduce cost, improve sustainability &amp; develop best practices within the production process.</p>
<ul>
<li>Primary responsibilities</li>
<li>Evaluate processes in manufacturing systems while maintaining reliability and safety to improve production rates, efficiencies, yields, costs, and changeovers.</li>
<li>Assess process capabilities, prioritize process improvement opportunities, and innovates &amp; implement process improvements on multiple &amp; moderately complex processes.</li>
<li>Perform times studies, develops work standards, track &amp; analyze data to track for improvement/monitoring.</li>
<li>Investigate occurrence of internal/external defects and recommend corrective actions.</li>
<li>Work with original equipment manufacturers to develop cost-effective &amp; working production processes.</li>
<li>Research &amp; determine ROI of new manufacturing technology.</li>
<li>Improve manufacturing efficiency by analyzing &amp; planning work-flow, space requirements &amp; equipment layout</li>
<li>Lead &amp; coach cross functional problem solving &amp; process improvement teams.</li>
<li>Review production schedules, engineering specs, process flows &amp; other info to understand methods &amp; activities in manufacturing &amp; services.</li>
<li>Enact quality control procedures to resolve production problems or minimize costs.</li>
<li>Design control systems to coordinate activities &amp; production planning to ensure that products meet quality standards.</li>
<li>Resolve how to manufacture parts or products, or deliver services, with maximum efficiency.</li>
<li>Collaborate with all the depart managers &amp; initiate, develop &amp; complete cost saving projects.</li>
</ul>
<p>Qualifications Required - We are seeking an engineer with a broad understanding of process improvement techniques &amp; lean manufacturing principles &amp; how those principles can be incomplete into a rudimentary manufacturing process.</p>
<ul>
<li>Master&rsquo;s Degree in Industrial Engineering</li>
<li>Lean Six Sigma Green Belt Certified</li>
<li>Minimum 2 years work experience in Manufacturing and PLC systems</li>
<li>Must have experience with VBA and SQL, ERP systems</li>
<li>Must have excellent Analytical / Problem Solving skills</li>
<li>Must be able to establish and promote a work environment that supports the Quality Policy and Quality System.</li>
<li>Experience with implementation &amp; auditing of ISO 9001</li>
<li>Results oriented, curious, &amp; self-motivated w/the ability to effectively manage multiple tasks/projects.</li>
<li>In-depth experience with Lean manufacturing methods &amp; continuous improvement mindset.</li>
<li>Experience using visual management systems.</li>
</ul>",1-3 years of experience
55,Industrial Engineering Staff,"<p>AVAILABLE POSITIONS: <br />&bull; Industrial Oven Tech &mdash; 1st Shift <br />&bull; Hydraulic Press Operator &mdash; 1st Shift <br />&bull; General Labor &amp; Demount &mdash; 1st Shift <br />&bull; Abrasive Material Weigher &mdash; 1st Shift <br />&bull; Abrasive Molder &mdash; 1st Shift</p>
<p style=""margin-bottom: 12.0pt;""><span style=""font-size: 11.0pt; font-family: 'Calibri','sans-serif';"">ELIGIBLE FOR BENEFITS:<br />&nbsp;&bull; Paid Vacation &amp; Holidays<br />&bull; Skill Development<br />&bull; Tuition/Training Reimbursement<br />&bull; Wellness Programs<br />&bull; Employee Engagement Activities<br />&bull; Community Initiatives<br />&bull; 401k) Matching<br />&bull; Medical<br />&bull; Dental<br />&bull; Vision</span></p>
<p><span style=""font-size: 11.0pt; font-family: 'Calibri','sans-serif';"">REQUIREMENTS:<br />&bull; Some Daily &amp; Weekend Overtime May be Required<br />&bull; High school diploma or GED<br />&bull; Abrasive wheel experience a plus<br />&bull; Mathematical and mechanical aptitude<br />&bull; General computer skills<br />&bull; Must have good common judgment to help with product flow<br />&bull; Ability to read and use tape measure and micrometers<br />&bull; No restriction to regularly lift 30 lbs. &amp; occasionally lift 50 lbs.</span><br /><span style=""font-size: 11.0pt; font-family: 'Calibri','sans-serif';"">&bull; Must be able to perform general bending and turning<br />&bull; Must be able to stand for an entire shift<br />&bull; Strong attention to details<br />&bull; Ability to communicate clearly and effectively<br />&bull; Self-starter and highly motivated<br />&bull; Excellent time management<br />&bull; Punctual and strong work ethic</span></p>
<p><span style=""font-size: 11.0pt; font-family: 'Calibri','sans-serif';"">ABOUT GARDNER ABRASIVES</span></p>
<p><span style=""font-size: 11.0pt; font-family: 'Calibri','sans-serif';"">Founded in 1905, Fives Landis Corp. (Gardner Abrasives) is a progressive abrasive wheel manufacturer located in South Beloit, IL. As a global manufacturing partner for key industries such as Automotive, Bearing, and Heavy Equipment, the Gardner Abrasives division remains a pioneer in innovation for custom-engineered abrasive &amp; super abrasive grinding solutions.</span></p>
<p><span style=""font-size: 11.0pt; font-family: 'Calibri','sans-serif';"">ABOUT FIVES</span></p>
<p><span style=""font-size: 11.0pt; font-family: 'Calibri','sans-serif';"">Fives, an industrial engineering Group with more than 200 years of history, designs and supplies machines, process equipment and production lines for the world's largest industrial groups including the aluminium, steel, glass, automotive, aerospace, logistics, cement, and energy sectors. Headquartered in Paris (France), Fives has a network of over zoo operational units in nearly 30 countries worldwide, including 17 locations in the US. Five sustainably leads the future of manufacturing demonstrating each day that Industry Can Do It.</span></p>
<p><span style=""font-size: 11.0pt; font-family: 'Calibri','sans-serif';"">CONTACT US: Fives Landis Corp. &mdash; (Gardner Abrasives) Human Resources: Sandi Harden 481 Gardner Street &mdash; South Beloit IL 6io8o &mdash; USA Tel: +1 815 389 5185 &mdash; Email: Sandra.harden@fivesgroup.com</span></p>
<p><span style=""font-size: 11.0pt; font-family: 'Calibri','sans-serif';"">www.fivesgroup.corn</span></p>",1-3 years of experience
56,Industrial Engineering Technician,"<p><strong>Wellins, Inc. is looking for Industrial Engineering Technicians.</strong>&nbsp;Duties are:</p>
<p>[1] Design and plan automated systems according to customer&rsquo;s needs;</p>
<p>[2] Setup and install automated systems in manufacturing factory;</p>
<p>[3] Provide engineering support to manufacturing lines with automation systems; and etc.</p>
<p>Job location: 3051 Kumho Parkway, Macon GA 31216.&nbsp;Requirement: At least 1-year work experience and Korean language fluency.</p>
<p>Send resume to Wellins, Inc. 6420 Atlantic Blvd Suite 500, Norcross GA 30071</p>",1-3 years of experience
57,Industrial Engineer,"<p><strong>Industrial Engineer.</strong> Responsible for development, implementation, evaluation, and<br />optimization of orthodontic appliance processes and production. Prepare 501K FDA<br />submissions. Create 3D drawings using SolidWorks or similar. Rqd. MSc in industrial and<br />systems engineering and 18 mo. experience. Apply with resume by email to:<br />hhaas@cdbcorp.net, CDB Corporation, Leland, NC.</p>",1-3 years of experience
58,Industrial Engineer II - Alameda,"<div class=""content-wrapper posting-page"">
<div class=""content"">
<div class=""section-wrapper page-full-width"">
<div class=""section page-centered"">
<div>As a member of our new Industrial Engineering team, you will bring your hands-on IE experience and your strong understanding of Lean Manufacturing to find ways to eliminate wastefulness in the production of Penumbra's life-saving products. Working&nbsp;cross-functionally with R&amp;D, Manufacturing, Quality Assurance, Facilities, Safety, and other groups, you will to drive continuous improvements in the&nbsp;effective use of workers, machines, materials, space and information.</div>
<div>&nbsp;</div>
</div>
<div class=""section page-centered"">
<div>
<h3>The job</h3>
<ul class=""posting-requirements plain-list"">
<ul>
<li>Coordinate and work on implementing best practices and ensuring that sites do not deviate from standard setup/line layout</li>
<li>Review production schedules, engineering specifications, process flows, work instructions, and other information to understand methods and activities in manufacturing and services.</li>
<li>Conduct time studies, identifying value/no-value added activities. Present findings and propose improvement plans.</li>
<li>Analyze processes to determine how to manufacture parts and products with maximum efficiency and quality. Standardizing and Implementing best practices across both sites.</li>
<li>Identify opportunities for improvement in the layout of equipment and work space.</li>
<li>Develop material flow through the implementation and disciplined use of Kanban and Supermarkets.</li>
<li>Work with manufacturing, quality and development engineers to identify equipment and process improvement opportunities.</li>
<li>Ensure a safe and healthy work environment.&nbsp;</li>
</ul>
</ul>
</div>
</div>
<div class=""section page-centered"">
<div>
<h3>What you bring</h3>
<ul class=""posting-requirements plain-list"">
<ul>
<li>The desire to work with a great team in an environment where your work makes a difference.</li>
<li>The creativity and ingenuity needed to design new production processes in many kinds of settings.</li>
<li>Critical-thinking skills, logic and reasoning to create new systems and to solve problems related to waste and inefficiency, and to come up with new approaches.</li>
<li>A hands-on approach to your work, with the ability to be open to new methods and technologies.</li>
<li>Knowledge and experience in Software systems including; Microsoft Teams, SharePoint, Power BI, MRP Systems, AutoCAD, SolidWorks, Microsoft Office, Advanced Excel Skills.</li>
<li>Outstanding oral, written, and interpersonal communication skills needed to explain concepts clearly and quickly.</li>
<li>A Bachelor's degree in Industrial or Manufacturing Engineering, or a related field.</li>
<li>Two to five plus years of Industrial Engineering experience, ideally in a medical device or similarly regulated organization.</li>
</ul>
</ul>
</div>
</div>
<div class=""section page-centered"">
<div>
<h3>What we offer</h3>
<ul class=""posting-requirements plain-list"">
<ul>
<li>A collaborative teamwork environment where learning is constant and performance is rewarded.</li>
<li>The opportunity to be at the forefront of technology that is revolutionizing the treatment of some of the world's most devastating diseases.</li>
<li>A generous benefits package that includes medical, dental, vision, and life insurance; a 401(k) match; and an Employee Stock Purchase Plan.</li>
</ul>
</ul>
</div>
</div>
<div class=""section page-centered"">
<div>Penumbra, Inc., headquartered in Alameda, California, is a global healthcare company focused on innovative therapies.&nbsp; Penumbra designs, develops, manufactures and markets novel products and has a broad portfolio that addresses challenging medical conditions in markets with significant unmet need.&nbsp; Penumbra sells its products to hospitals and healthcare providers primarily through its direct sales organization in the United States, most of Europe, Canada and Australia, and through distributors in select international markets. The Penumbra logo is a trademark of Penumbra, Inc.&nbsp;</div>
<div>&nbsp;</div>
<div><em>Qualified applicants will receive consideration for employment without regard to race, color, religion, sex, national origin, sexual orientation, gender identity, disability or protected veteran status.</em></div>
<div>&nbsp;</div>
<div><strong>What We Offer:</strong></div>
<div>&bull; A collaborative teamwork environment where learning is constant and performance is rewarded</div>
<div>&bull; The opportunity to be part of the team that is revolutionizing the treatment of some of the world's most&nbsp;devastating diseases</div>
<div>&bull; A generous benefits package that includes medical, dental, vision, and life insurance; a 401(k) match; and an Employee Stock Purchase Plan</div>
<div>&nbsp;</div>
<div>&nbsp;</div>
<div>Penumbra, Inc., headquartered in Alameda, California, is a global healthcare company focused on innovative therapies. Penumbra designs, develops, manufactures and markets novel products and has a broad portfolio that addresses challenging medical conditions in markets with significant unmet need.&nbsp;Penumbra sells its products to hospitals and healthcare providers primarily through its direct sales organization in the United States, most of Europe, Canada and Australia, and through distributors in select international markets. The Penumbra logo is a trademark of Penumbra, Inc.&nbsp;</div>
<div>&nbsp;</div>
<div><em>Qualified applicants will receive consideration for employment without regard to race, color, religion, sex, national origin, sexual orientation, gender identity, disability or protected veteran status.</em></div>
<div>&nbsp;</div>
<div>If you reside in the State of California, please also refer to&nbsp;<a class=""postings-link"" href=""https://www.penumbrainc.com/pdf/ccpa-notice-lever/"">Penumbra&rsquo;s Privacy Notice for California Residents</a>.</div>
</div>
<div class=""section page-centered last-section-apply"" data-qa=""btn-apply-bottom""><a class=""postings-btn template-btn-submit cerulean"" href=""https://jobs.lever.co/penumbrainc/7dc07ad3-137a-46e8-bcf8-97a95fb6d76b/apply"">APPLY FOR THIS JOB</a></div>
</div>
</div>
</div>",1-3 years of experience
